gate,cell,defect,direction,distance_nm,signed_displacement_nm,output_polarization_positive,output_polarization_negative,total_energy_eV,total_energy_error_eV,avg_energy_per_cycle_eV,avg_energy_error_eV,qca_file,status,seconds
LT EXOR,Z,none,,0,0,0.950543,-0.947895,0.0067,-0.000619,0.000609,-5.63e-05,LT_EXOR__Z__baseline.qca,ok,3.6
LT EXOR,Z,displacement,north,0.1,-0.1,0.950518,-0.947868,0.0067,-0.000619,0.000609,-5.63e-05,LT_EXOR__Z__north_0.100.qca,ok,3.5
LT EXOR,Z,displacement,north,0.2,-0.2,0.950443,-0.947787,0.0067,-0.000619,0.000609,-5.63e-05,LT_EXOR__Z__north_0.200.qca,ok,3.4
LT EXOR,Z,displacement,north,0.3,-0.3,0.950318,-0.947653,0.0067,-0.000619,0.000609,-5.63e-05,LT_EXOR__Z__north_0.300.qca,ok,3.4
LT EXOR,Z,displacement,north,0.4,-0.4,0.950143,-0.947464,0.0067,-0.000619,0.000609,-5.63e-05,LT_EXOR__Z__north_0.400.qca,ok,3.5
LT EXOR,Z,displacement,north,0.5,-0.5,0.949916,-0.94722,0.0067,-0.000619,0.000609,-5.63e-05,LT_EXOR__Z__north_0.500.qca,ok,3.5
LT EXOR,Z,displacement,north,0.6,-0.6,0.949637,-0.946919,0.0067,-0.000619,0.000609,-5.62e-05,LT_EXOR__Z__north_0.600.qca,ok,3.5
LT EXOR,Z,displacement,north,0.7,-0.7,0.949304,-0.946562,0.0067,-0.000619,0.000609,-5.62e-05,LT_EXOR__Z__north_0.700.qca,ok,3.4
LT EXOR,Z,displacement,north,0.8,-0.8,0.948918,-0.946146,0.0067,-0.000618,0.000609,-5.62e-05,LT_EXOR__Z__north_0.800.qca,ok,3.4
LT EXOR,Z,displacement,north,0.9,-0.9,0.948476,-0.94567,0.00669,-0.000618,0.000609,-5.62e-05,LT_EXOR__Z__north_0.900.qca,ok,3.4
LT EXOR,Z,displacement,north,1,-1,0.947976,-0.945132,0.00669,-0.000618,0.000608,-5.62e-05,LT_EXOR__Z__north_1.000.qca,ok,3.4
LT EXOR,Z,displacement,north,1.1,-1.1,0.947417,-0.94453,0.00669,-0.000618,0.000608,-5.62e-05,LT_EXOR__Z__north_1.100.qca,ok,3.2
LT EXOR,Z,displacement,north,1.2,-1.2,0.946797,-0.943862,0.00669,-0.000618,0.000608,-5.62e-05,LT_EXOR__Z__north_1.200.qca,ok,3.2
LT EXOR,Z,displacement,north,1.3,-1.3,0.946113,-0.943125,0.00669,-0.000618,0.000608,-5.61e-05,LT_EXOR__Z__north_1.300.qca,ok,3.2
LT EXOR,Z,displacement,north,1.4,-1.4,0.945363,-0.942317,0.00668,-0.000617,0.000607,-5.61e-05,LT_EXOR__Z__north_1.400.qca,ok,3.3
LT EXOR,Z,displacement,north,1.5,-1.5,0.944544,-0.941433,0.00668,-0.000617,0.000607,-5.61e-05,LT_EXOR__Z__north_1.500.qca,ok,3.2
LT EXOR,Z,displacement,north,1.6,-1.6,0.943652,-0.940471,0.00668,-0.000617,0.000607,-5.61e-05,LT_EXOR__Z__north_1.600.qca,ok,3.1
LT EXOR,Z,displacement,north,1.7,-1.7,0.942683,-0.939426,0.00667,-0.000617,0.000607,-5.6e-05,LT_EXOR__Z__north_1.700.qca,ok,3.2
LT EXOR,Z,displacement,north,1.8,-1.8,0.941635,-0.938295,0.00667,-0.000616,0.000606,-5.6e-05,LT_EXOR__Z__north_1.800.qca,ok,3.2
LT EXOR,Z,displacement,north,1.9,-1.9,0.940502,-0.937072,0.00667,-0.000616,0.000606,-5.6e-05,LT_EXOR__Z__north_1.900.qca,ok,3.2
LT EXOR,Z,displacement,north,2,-2,0.939279,-0.935751,0.00666,-0.000616,0.000606,-5.6e-05,LT_EXOR__Z__north_2.000.qca,ok,3.2
LT EXOR,Z,displacement,north,2.1,-2.1,0.937962,-0.934328,0.00666,-0.000615,0.000605,-5.59e-05,LT_EXOR__Z__north_2.100.qca,ok,3.0
LT EXOR,Z,displacement,north,2.2,-2.2,0.936543,-0.932795,0.00665,-0.000615,0.000605,-5.59e-05,LT_EXOR__Z__north_2.200.qca,ok,3.1
LT EXOR,Z,displacement,north,2.3,-2.3,0.935017,-0.931145,0.00665,-0.000615,0.000604,-5.59e-05,LT_EXOR__Z__north_2.300.qca,ok,3.1
LT EXOR,Z,displacement,north,2.4,-2.4,0.933377,-0.929371,0.00664,-0.000614,0.000604,-5.58e-05,LT_EXOR__Z__north_2.400.qca,ok,3.1
LT EXOR,Z,displacement,north,2.5,-2.5,0.931614,-0.927463,0.00664,-0.000614,0.000604,-5.58e-05,LT_EXOR__Z__north_2.500.qca,ok,3.2
LT EXOR,Z,displacement,north,2.6,-2.6,0.929719,-0.925413,0.00663,-0.000613,0.000603,-5.58e-05,LT_EXOR__Z__north_2.600.qca,ok,3.1
LT EXOR,Z,displacement,north,2.7,-2.7,0.927684,-0.92321,0.00663,-0.000613,0.000603,-5.57e-05,LT_EXOR__Z__north_2.700.qca,ok,3.3
LT EXOR,Z,displacement,north,2.8,-2.8,0.925496,-0.920841,0.00662,-0.000613,0.000602,-5.57e-05,LT_EXOR__Z__north_2.800.qca,ok,3.2
LT EXOR,Z,displacement,north,2.9,-2.9,0.923145,-0.918295,0.00662,-0.000612,0.000602,-5.57e-05,LT_EXOR__Z__north_2.900.qca,ok,3.1
LT EXOR,Z,displacement,north,3,-3,0.920616,-0.915556,0.00661,-0.000612,0.000601,-5.56e-05,LT_EXOR__Z__north_3.000.qca,ok,3.2
LT EXOR,Z,displacement,north,3.1,-3.1,0.917896,-0.91261,0.00661,-0.000611,0.000601,-5.56e-05,LT_EXOR__Z__north_3.100.qca,ok,3.1
LT EXOR,Z,displacement,north,3.2,-3.2,0.914967,-0.909438,0.0066,-0.000611,0.0006,-5.56e-05,LT_EXOR__Z__north_3.200.qca,ok,3.1
LT EXOR,Z,displacement,north,3.3,-3.3,0.911811,-0.906022,0.0066,-0.000611,0.0006,-5.55e-05,LT_EXOR__Z__north_3.300.qca,ok,3.1
LT EXOR,Z,displacement,north,3.4,-3.4,0.908409,-0.90234,0.00659,-0.00061,0.000599,-5.55e-05,LT_EXOR__Z__north_3.400.qca,ok,3.1
LT EXOR,Z,displacement,north,3.5,-3.5,0.904735,-0.898367,0.00659,-0.00061,0.000599,-5.55e-05,LT_EXOR__Z__north_3.500.qca,ok,3.1
LT EXOR,Z,displacement,north,3.6,-3.6,0.900766,-0.894078,0.00658,-0.00061,0.000599,-5.54e-05,LT_EXOR__Z__north_3.600.qca,ok,3.0
LT EXOR,Z,displacement,north,3.7,-3.7,0.89647,-0.889442,0.00658,-0.000609,0.000598,-5.54e-05,LT_EXOR__Z__north_3.700.qca,ok,3.2
LT EXOR,Z,displacement,north,3.8,-3.8,0.891815,-0.884427,0.00658,-0.000609,0.000598,-5.54e-05,LT_EXOR__Z__north_3.800.qca,ok,3.1
LT EXOR,Z,displacement,north,3.9,-3.9,0.886762,-0.878995,0.00657,-0.000609,0.000597,-5.54e-05,LT_EXOR__Z__north_3.900.qca,ok,3.1
LT EXOR,Z,displacement,north,4,-4,0.881268,-0.873105,0.00657,-0.000609,0.000597,-5.54e-05,LT_EXOR__Z__north_4.000.qca,ok,3.2
LT EXOR,Z,displacement,north,4.1,-4.1,0.875282,-0.866711,0.00657,-0.000609,0.000597,-5.54e-05,LT_EXOR__Z__north_4.100.qca,ok,3.1
LT EXOR,Z,displacement,north,4.2,-4.2,0.868746,-0.859759,0.00657,-0.000609,0.000597,-5.54e-05,LT_EXOR__Z__north_4.200.qca,ok,3.1
LT EXOR,Z,displacement,north,4.3,-4.3,0.861624,-0.852194,0.00657,-0.000609,0.000597,-5.54e-05,LT_EXOR__Z__north_4.300.qca,ok,3.2
LT EXOR,Z,displacement,north,4.4,-4.4,0.854591,-0.843948,0.00657,-0.00061,0.000597,-5.54e-05,LT_EXOR__Z__north_4.400.qca,ok,3.2
LT EXOR,Z,displacement,north,4.5,-4.5,0.846972,-0.834949,0.00657,-0.00061,0.000597,-5.55e-05,LT_EXOR__Z__north_4.500.qca,ok,3.2
LT EXOR,Z,displacement,north,4.6,-4.6,0.83871,-0.825115,0.00658,-0.000611,0.000598,-5.56e-05,LT_EXOR__Z__north_4.600.qca,ok,3.1
LT EXOR,Z,displacement,south,0.1,0.1,0.950518,-0.947868,0.0067,-0.000619,0.000609,-5.63e-05,LT_EXOR__Z__south_0.100.qca,ok,3.1
LT EXOR,Z,displacement,south,0.2,0.2,0.950443,-0.947787,0.0067,-0.000619,0.000609,-5.63e-05,LT_EXOR__Z__south_0.200.qca,ok,3.1
LT EXOR,Z,displacement,south,0.3,0.3,0.950318,-0.947653,0.0067,-0.000619,0.000609,-5.63e-05,LT_EXOR__Z__south_0.300.qca,ok,3.2
LT EXOR,Z,displacement,south,0.4,0.4,0.950143,-0.947464,0.0067,-0.000619,0.000609,-5.63e-05,LT_EXOR__Z__south_0.400.qca,ok,3.1
LT EXOR,Z,displacement,south,0.5,0.5,0.949916,-0.94722,0.0067,-0.000619,0.000609,-5.63e-05,LT_EXOR__Z__south_0.500.qca,ok,3.1
LT EXOR,Z,displacement,south,0.6,0.6,0.949637,-0.946919,0.0067,-0.000619,0.000609,-5.62e-05,LT_EXOR__Z__south_0.600.qca,ok,3.1
LT EXOR,Z,displacement,south,0.7,0.7,0.949304,-0.946562,0.0067,-0.000619,0.000609,-5.62e-05,LT_EXOR__Z__south_0.700.qca,ok,3.1
LT EXOR,Z,displacement,south,0.8,0.8,0.948918,-0.946146,0.0067,-0.000618,0.000609,-5.62e-05,LT_EXOR__Z__south_0.800.qca,ok,3.2
LT EXOR,Z,displacement,south,0.9,0.9,0.948476,-0.94567,0.00669,-0.000618,0.000609,-5.62e-05,LT_EXOR__Z__south_0.900.qca,ok,3.1
LT EXOR,Z,displacement,south,1,1,0.947976,-0.945132,0.00669,-0.000618,0.000608,-5.62e-05,LT_EXOR__Z__south_1.000.qca,ok,3.1
LT EXOR,Z,displacement,south,1.1,1.1,0.947417,-0.94453,0.00669,-0.000618,0.000608,-5.62e-05,LT_EXOR__Z__south_1.100.qca,ok,3.1
LT EXOR,Z,displacement,south,1.2,1.2,0.946797,-0.943862,0.00669,-0.000618,0.000608,-5.62e-05,LT_EXOR__Z__south_1.200.qca,ok,3.2
LT EXOR,Z,displacement,south,1.3,1.3,0.946113,-0.943125,0.00669,-0.000618,0.000608,-5.61e-05,LT_EXOR__Z__south_1.300.qca,ok,3.1
LT EXOR,Z,displacement,south,1.4,1.4,0.945363,-0.942317,0.00668,-0.000617,0.000607,-5.61e-05,LT_EXOR__Z__south_1.400.qca,ok,3.2
LT EXOR,Z,displacement,south,1.5,1.5,0.944544,-0.941433,0.00668,-0.000617,0.000607,-5.61e-05,LT_EXOR__Z__south_1.500.qca,ok,3.1
LT EXOR,Z,displacement,south,1.6,1.6,0.943652,-0.940471,0.00668,-0.000617,0.000607,-5.61e-05,LT_EXOR__Z__south_1.600.qca,ok,3.2
LT EXOR,Z,displacement,south,1.7,1.7,0.942683,-0.939426,0.00667,-0.000617,0.000607,-5.6e-05,LT_EXOR__Z__south_1.700.qca,ok,3.0
LT EXOR,Z,displacement,south,1.8,1.8,0.941635,-0.938295,0.00667,-0.000616,0.000606,-5.6e-05,LT_EXOR__Z__south_1.800.qca,ok,3.1
LT EXOR,Z,displacement,south,1.9,1.9,0.940502,-0.937072,0.00667,-0.000616,0.000606,-5.6e-05,LT_EXOR__Z__south_1.900.qca,ok,3.0
LT EXOR,Z,displacement,south,2,2,0.939279,-0.935751,0.00666,-0.000616,0.000606,-5.6e-05,LT_EXOR__Z__south_2.000.qca,ok,3.1
LT EXOR,Z,displacement,south,2.1,2.1,0.937962,-0.934328,0.00666,-0.000615,0.000605,-5.59e-05,LT_EXOR__Z__south_2.100.qca,ok,3.3
LT EXOR,Z,displacement,south,2.2,2.2,0.936543,-0.932795,0.00665,-0.000615,0.000605,-5.59e-05,LT_EXOR__Z__south_2.200.qca,ok,3.1
LT EXOR,Z,displacement,south,2.3,2.3,0.935017,-0.931145,0.00665,-0.000615,0.000604,-5.59e-05,LT_EXOR__Z__south_2.300.qca,ok,3.0
LT EXOR,Z,displacement,south,2.4,2.4,0.933377,-0.929371,0.00664,-0.000614,0.000604,-5.58e-05,LT_EXOR__Z__south_2.400.qca,ok,3.2
LT EXOR,Z,displacement,south,2.5,2.5,0.931614,-0.927463,0.00664,-0.000614,0.000604,-5.58e-05,LT_EXOR__Z__south_2.500.qca,ok,3.0
LT EXOR,Z,displacement,south,2.6,2.6,0.929719,-0.925413,0.00663,-0.000613,0.000603,-5.58e-05,LT_EXOR__Z__south_2.600.qca,ok,3.1
LT EXOR,Z,displacement,south,2.7,2.7,0.927684,-0.92321,0.00663,-0.000613,0.000603,-5.57e-05,LT_EXOR__Z__south_2.700.qca,ok,3.1
LT EXOR,Z,displacement,south,2.8,2.8,0.925496,-0.920841,0.00662,-0.000613,0.000602,-5.57e-05,LT_EXOR__Z__south_2.800.qca,ok,3.1
LT EXOR,Z,displacement,south,2.9,2.9,0.923145,-0.918295,0.00662,-0.000612,0.000602,-5.57e-05,LT_EXOR__Z__south_2.900.qca,ok,3.1
LT EXOR,Z,displacement,south,3,3,0.920616,-0.915556,0.00661,-0.000612,0.000601,-5.56e-05,LT_EXOR__Z__south_3.000.qca,ok,3.1
LT EXOR,Z,displacement,south,3.1,3.1,0.917896,-0.91261,0.00661,-0.000611,0.000601,-5.56e-05,LT_EXOR__Z__south_3.100.qca,ok,3.1
LT EXOR,Z,displacement,south,3.2,3.2,0.914967,-0.909438,0.0066,-0.000611,0.0006,-5.56e-05,LT_EXOR__Z__south_3.200.qca,ok,3.1
LT EXOR,Z,displacement,south,3.3,3.3,0.911811,-0.906022,0.0066,-0.000611,0.0006,-5.55e-05,LT_EXOR__Z__south_3.300.qca,ok,3.2
LT EXOR,Z,displacement,south,3.4,3.4,0.908409,-0.90234,0.00659,-0.00061,0.000599,-5.55e-05,LT_EXOR__Z__south_3.400.qca,ok,3.2
LT EXOR,Z,displacement,south,3.5,3.5,0.904735,-0.898367,0.00659,-0.00061,0.000599,-5.55e-05,LT_EXOR__Z__south_3.500.qca,ok,3.0
LT EXOR,Z,displacement,south,3.6,3.6,0.900766,-0.894078,0.00658,-0.00061,0.000599,-5.54e-05,LT_EXOR__Z__south_3.600.qca,ok,3.1
LT EXOR,Z,displacement,south,3.7,3.7,0.89647,-0.889442,0.00658,-0.000609,0.000598,-5.54e-05,LT_EXOR__Z__south_3.700.qca,ok,3.1
LT EXOR,Z,displacement,south,3.8,3.8,0.891815,-0.884427,0.00658,-0.000609,0.000598,-5.54e-05,LT_EXOR__Z__south_3.800.qca,ok,3.1
LT EXOR,Z,displacement,south,3.9,3.9,0.886762,-0.878995,0.00657,-0.000609,0.000597,-5.54e-05,LT_EXOR__Z__south_3.900.qca,ok,3.1
LT EXOR,Z,displacement,south,4,4,0.881268,-0.873105,0.00657,-0.000609,0.000597,-5.54e-05,LT_EXOR__Z__south_4.000.qca,ok,3.1
LT EXOR,Z,displacement,south,4.1,4.1,0.875282,-0.866711,0.00657,-0.000609,0.000597,-5.54e-05,LT_EXOR__Z__south_4.100.qca,ok,3.1
LT EXOR,Z,displacement,south,4.2,4.2,0.868746,-0.859759,0.00657,-0.000609,0.000597,-5.54e-05,LT_EXOR__Z__south_4.200.qca,ok,3.1
LT EXOR,Z,displacement,south,4.3,4.3,0.861591,-0.852194,0.00657,-0.000609,0.000597,-5.54e-05,LT_EXOR__Z__south_4.300.qca,ok,3.0
LT EXOR,Z,displacement,south,4.4,4.4,0.854511,-0.843948,0.00657,-0.00061,0.000597,-5.54e-05,LT_EXOR__Z__south_4.400.qca,ok,3.1
LT EXOR,Z,displacement,south,4.5,4.5,0.846937,-0.834949,0.00657,-0.00061,0.000597,-5.55e-05,LT_EXOR__Z__south_4.500.qca,ok,3.1
LT EXOR,Z,displacement,south,4.6,4.6,0.838732,-0.825115,0.00658,-0.000611,0.000598,-5.56e-05,LT_EXOR__Z__south_4.600.qca,ok,3.2
LT EXOR,Z,displacement,east,0.1,0.1,0.948004,-0.945173,0.00669,-0.000618,0.000608,-5.62e-05,LT_EXOR__Z__east_0.100.qca,ok,3.2
LT EXOR,Z,displacement,east,0.2,0.2,0.94535,-0.942326,0.00668,-0.000617,0.000608,-5.61e-05,LT_EXOR__Z__east_0.200.qca,ok,3.0
LT EXOR,Z,displacement,east,0.3,0.3,0.942575,-0.939347,0.00667,-0.000617,0.000607,-5.61e-05,LT_EXOR__Z__east_0.300.qca,ok,3.1
LT EXOR,Z,displacement,east,0.4,0.4,0.939675,-0.936234,0.00666,-0.000616,0.000606,-5.6e-05,LT_EXOR__Z__east_0.400.qca,ok,3.1
LT EXOR,Z,displacement,east,0.5,0.5,0.936646,-0.932979,0.00665,-0.000615,0.000605,-5.59e-05,LT_EXOR__Z__east_0.500.qca,ok,3.1
LT EXOR,Z,displacement,east,0.6,0.6,0.933481,-0.929579,0.00665,-0.000614,0.000604,-5.59e-05,LT_EXOR__Z__east_0.600.qca,ok,3.0
LT EXOR,Z,displacement,east,0.7,0.7,0.930176,-0.926027,0.00664,-0.000614,0.000603,-5.58e-05,LT_EXOR__Z__east_0.700.qca,ok,3.1
LT EXOR,Z,displacement,east,0.8,0.8,0.926725,-0.922318,0.00663,-0.000613,0.000603,-5.57e-05,LT_EXOR__Z__east_0.800.qca,ok,3.2
LT EXOR,Z,displacement,east,0.9,0.9,0.923123,-0.918447,0.00662,-0.000613,0.000602,-5.57e-05,LT_EXOR__Z__east_0.900.qca,ok,3.1
LT EXOR,Z,displacement,east,1,1,0.919363,-0.914409,0.00661,-0.000612,0.000601,-5.56e-05,LT_EXOR__Z__east_1.000.qca,ok,3.0
LT EXOR,Z,displacement,east,1.1,1.1,0.915439,-0.910196,0.00661,-0.000612,0.000601,-5.56e-05,LT_EXOR__Z__east_1.100.qca,ok,3.0
LT EXOR,Z,displacement,east,1.2,1.2,0.911344,-0.905805,0.0066,-0.000611,0.0006,-5.56e-05,LT_EXOR__Z__east_1.200.qca,ok,3.1
LT EXOR,Z,displacement,east,1.3,1.3,0.907072,-0.901228,0.0066,-0.000611,0.0006,-5.55e-05,LT_EXOR__Z__east_1.300.qca,ok,3.3
LT EXOR,Z,displacement,east,1.4,1.4,0.902614,-0.89646,0.00659,-0.00061,0.000599,-5.55e-05,LT_EXOR__Z__east_1.400.qca,ok,3.2
LT EXOR,Z,displacement,east,1.5,1.5,0.897965,-0.891495,0.00659,-0.00061,0.000599,-5.55e-05,LT_EXOR__Z__east_1.500.qca,ok,3.1
LT EXOR,Z,displacement,east,1.6,1.6,0.893114,-0.886327,0.00658,-0.00061,0.000598,-5.54e-05,LT_EXOR__Z__east_1.600.qca,ok,3.1
LT EXOR,Z,displacement,east,1.7,1.7,0.888054,-0.880951,0.00658,-0.00061,0.000598,-5.54e-05,LT_EXOR__Z__east_1.700.qca,ok,3.1
LT EXOR,Z,displacement,east,1.8,1.8,0.882775,-0.875359,0.00658,-0.00061,0.000598,-5.54e-05,LT_EXOR__Z__east_1.800.qca,ok,3.1
LT EXOR,Z,displacement,east,1.9,1.9,0.877267,-0.869547,0.00657,-0.00061,0.000598,-5.54e-05,LT_EXOR__Z__east_1.900.qca,ok,3.0
LT EXOR,Z,displacement,east,2,2,0.871519,-0.863509,0.00657,-0.00061,0.000597,-5.54e-05,LT_EXOR__Z__east_2.000.qca,ok,3.0
LT EXOR,Z,displacement,east,2.1,2.1,0.86552,-0.857238,0.00657,-0.00061,0.000597,-5.54e-05,LT_EXOR__Z__east_2.100.qca,ok,3.1
LT EXOR,Z,displacement,east,2.2,2.2,0.859256,-0.85073,0.00657,-0.00061,0.000598,-5.55e-05,LT_EXOR__Z__east_2.200.qca,ok,3.1
LT EXOR,Z,displacement,east,2.3,2.3,0.852713,-0.84398,0.00657,-0.000611,0.000598,-5.55e-05,LT_EXOR__Z__east_2.300.qca,ok,3.0
LT EXOR,Z,displacement,east,2.4,2.4,0.845877,-0.836983,0.00658,-0.000611,0.000598,-5.56e-05,LT_EXOR__Z__east_2.400.qca,ok,3.2
LT EXOR,Z,displacement,east,2.5,2.5,0.838728,-0.829733,0.00658,-0.000612,0.000598,-5.56e-05,LT_EXOR__Z__east_2.500.qca,ok,3.2
LT EXOR,Z,displacement,east,2.6,2.6,0.831626,-0.822228,0.00659,-0.000613,0.000599,-5.57e-05,LT_EXOR__Z__east_2.600.qca,ok,3.0
LT EXOR,Z,displacement,east,2.7,2.7,0.824838,-0.814462,0.0066,-0.000614,0.0006,-5.58e-05,LT_EXOR__Z__east_2.700.qca,ok,3.0
LT EXOR,Z,displacement,east,2.8,2.8,0.817855,-0.806433,0.00661,-0.000615,0.000601,-5.59e-05,LT_EXOR__Z__east_2.800.qca,ok,3.0
LT EXOR,Z,displacement,east,2.9,2.9,0.810677,-0.79814,0.00753,-0.000716,0.000685,-6.51e-05,LT_EXOR__Z__east_2.900.qca,ok,3.4
LT EXOR,Z,displacement,east,3,3,0.803305,-0.789579,0.00754,-0.000717,0.000685,-6.51e-05,LT_EXOR__Z__east_3.000.qca,ok,3.1
LT EXOR,Z,displacement,east,3.1,3.1,0.79575,-0.780751,0.00753,-0.000716,0.000684,-6.51e-05,LT_EXOR__Z__east_3.100.qca,ok,3.1
LT EXOR,Z,displacement,east,3.2,3.2,0.788003,-0.771656,0.00752,-0.000715,0.000684,-6.5e-05,LT_EXOR__Z__east_3.200.qca,ok,3.1
LT EXOR,Z,displacement,east,3.3,3.3,0.780065,-0.762295,0.00751,-0.000715,0.000683,-6.5e-05,LT_EXOR__Z__east_3.300.qca,ok,3.2
LT EXOR,Z,displacement,east,3.4,3.4,0.771938,-0.75267,0.00751,-0.000714,0.000682,-6.49e-05,LT_EXOR__Z__east_3.400.qca,ok,3.0
LT EXOR,Z,displacement,west,0.01,-0.01,0.950793,-0.948157,0.00641,-0.000592,0.000582,-5.38e-05,LT_EXOR__Z__west_0.010.qca,ok,3.1
LT EXOR,Z,displacement,west,0.02,-0.02,0.951039,-0.948422,0.00641,-0.000592,0.000582,-5.38e-05,LT_EXOR__Z__west_0.020.qca,ok,3.2
LT EXOR,Z,displacement,west,0.03,-0.03,0.951285,-0.948685,0.00641,-0.000592,0.000582,-5.38e-05,LT_EXOR__Z__west_0.030.qca,ok,3.1
LT EXOR,Z,displacement,west,0.04,-0.04,0.951529,-0.948946,0.00641,-0.000592,0.000582,-5.38e-05,LT_EXOR__Z__west_0.040.qca,ok,3.0
LT EXOR,Z,displacement,west,0.05,-0.05,0.951773,-0.949207,0.00641,-0.000592,0.000582,-5.38e-05,LT_EXOR__Z__west_0.050.qca,ok,3.2
LT EXOR,Z,displacement,west,0.06,-0.06,0.952015,-0.949467,0.00641,-0.000592,0.000582,-5.38e-05,LT_EXOR__Z__west_0.060.qca,ok,3.1
LT EXOR,Z,displacement,west,0.07,-0.07,0.952256,-0.949725,0.00641,-0.000592,0.000582,-5.38e-05,LT_EXOR__Z__west_0.070.qca,ok,3.0
LT EXOR,Z,displacement,west,0.08,-0.08,0.952496,-0.949982,0.00641,-0.000592,0.000582,-5.38e-05,LT_EXOR__Z__west_0.080.qca,ok,3.1
LT EXOR,Z,displacement,west,0.09,-0.09,0.952735,-0.950238,0.00641,-0.000592,0.000582,-5.38e-05,LT_EXOR__Z__west_0.090.qca,ok,3.3
LT EXOR,Z,displacement,west,0.1,-0.1,0.952973,-0.950493,0.00641,-0.000592,0.000583,-5.38e-05,LT_EXOR__Z__west_0.100.qca,ok,3.0
LT EXOR,Z,displacement,west,0.11,-0.11,0.95321,-0.950746,0.00641,-0.000592,0.000583,-5.38e-05,LT_EXOR__Z__west_0.110.qca,ok,3.1
LT EXOR,Z,displacement,west,0.12,-0.12,0.953446,-0.950999,0.00641,-0.000592,0.000583,-5.38e-05,LT_EXOR__Z__west_0.120.qca,ok,3.0
LT EXOR,Z,displacement,west,0.13,-0.13,0.95368,-0.95125,0.00641,-0.000592,0.000583,-5.38e-05,LT_EXOR__Z__west_0.130.qca,ok,3.1
LT EXOR,Z,displacement,west,0.14,-0.14,0.953914,-0.9515,0.00641,-0.000592,0.000583,-5.38e-05,LT_EXOR__Z__west_0.140.qca,ok,3.1
LT EXOR,Z,displacement,west,0.15,-0.15,0.954146,-0.951749,0.00641,-0.000592,0.000583,-5.38e-05,LT_EXOR__Z__west_0.150.qca,ok,3.0
LT EXOR,Z,displacement,west,0.16,-0.16,0.954378,-0.951997,0.00641,-0.000592,0.000583,-5.38e-05,LT_EXOR__Z__west_0.160.qca,ok,3.2
LT EXOR,Z,displacement,west,0.17,-0.17,0.954609,-0.952244,0.00641,-0.000592,0.000583,-5.38e-05,LT_EXOR__Z__west_0.170.qca,ok,3.2
LT EXOR,Z,displacement,west,0.18,-0.18,0.954838,-0.952489,0.00641,-0.000592,0.000583,-5.38e-05,LT_EXOR__Z__west_0.180.qca,ok,3.2
LT EXOR,Z,displacement,west,0.19,-0.19,0.955066,-0.952734,0.00641,-0.000592,0.000583,-5.38e-05,LT_EXOR__Z__west_0.190.qca,ok,3.2
LT EXOR,Z,displacement,west,0.2,-0.2,0.955294,-0.952977,0.00641,-0.000592,0.000583,-5.38e-05,LT_EXOR__Z__west_0.200.qca,ok,3.1
LT EXOR,Z,displacement,west,0.21,-0.21,0.95552,-0.953219,0.00641,-0.000592,0.000583,-5.38e-05,LT_EXOR__Z__west_0.210.qca,ok,3.1
LT EXOR,Z,displacement,west,0.22,-0.22,0.955746,-0.95346,0.00641,-0.000592,0.000583,-5.38e-05,LT_EXOR__Z__west_0.220.qca,ok,3.1
LT EXOR,Z,displacement,west,0.23,-0.23,0.95597,-0.9537,0.00641,-0.000592,0.000583,-5.38e-05,LT_EXOR__Z__west_0.230.qca,ok,3.2
LT EXOR,Z,displacement,west,0.24,-0.24,0.956193,-0.953939,0.00641,-0.000592,0.000583,-5.38e-05,LT_EXOR__Z__west_0.240.qca,ok,3.1
LT EXOR,Z,displacement,west,0.25,-0.25,0.956415,-0.954177,0.00641,-0.000592,0.000583,-5.38e-05,LT_EXOR__Z__west_0.250.qca,ok,3.2
LT EXOR,Z,displacement,west,0.26,-0.26,0.956637,-0.954414,0.00641,-0.000592,0.000583,-5.38e-05,LT_EXOR__Z__west_0.260.qca,ok,3.1
LT EXOR,Z,displacement,west,0.27,-0.27,0.956857,-0.954649,0.00641,-0.000592,0.000583,-5.38e-05,LT_EXOR__Z__west_0.270.qca,ok,3.1
LT EXOR,Z,displacement,west,0.28,-0.28,0.957076,-0.954884,0.00641,-0.000592,0.000583,-5.38e-05,LT_EXOR__Z__west_0.280.qca,ok,3.1
LT EXOR,Z,displacement,west,0.29,-0.29,0.957295,-0.955117,0.00641,-0.000592,0.000583,-5.38e-05,LT_EXOR__Z__west_0.290.qca,ok,3.1
LT EXOR,Z,displacement,west,0.3,-0.3,0.957512,-0.955349,0.00641,-0.000592,0.000583,-5.38e-05,LT_EXOR__Z__west_0.300.qca,ok,3.1
LT EXOR,Z,displacement,west,0.31,-0.31,0.957728,-0.955581,0.00641,-0.000592,0.000583,-5.38e-05,LT_EXOR__Z__west_0.310.qca,ok,3.2
LT EXOR,Z,displacement,west,0.32,-0.32,0.957944,-0.955811,0.00641,-0.000592,0.000583,-5.39e-05,LT_EXOR__Z__west_0.320.qca,ok,3.2
LT EXOR,Z,displacement,west,0.33,-0.33,0.958158,-0.95604,0.00641,-0.000592,0.000583,-5.39e-05,LT_EXOR__Z__west_0.330.qca,ok,3.1
LT EXOR,Z,displacement,west,0.34,-0.34,0.958371,-0.956268,0.00641,-0.000592,0.000583,-5.39e-05,LT_EXOR__Z__west_0.340.qca,ok,3.1
LT EXOR,Z,displacement,west,0.35,-0.35,0.958584,-0.956495,0.00641,-0.000592,0.000583,-5.39e-05,LT_EXOR__Z__west_0.350.qca,ok,3.1
LT EXOR,Z,displacement,west,0.36,-0.36,0.958795,-0.956721,0.00642,-0.000592,0.000583,-5.39e-05,LT_EXOR__Z__west_0.360.qca,ok,3.1
LT EXOR,Z,displacement,west,0.37,-0.37,0.959006,-0.956946,0.00642,-0.000592,0.000583,-5.39e-05,LT_EXOR__Z__west_0.370.qca,ok,3.1
LT EXOR,Z,displacement,west,0.38,-0.38,0.959215,-0.95717,0.00642,-0.000592,0.000583,-5.39e-05,LT_EXOR__Z__west_0.380.qca,ok,3.1
LT EXOR,Z,displacement,west,0.39,-0.39,0.959424,-0.957392,0.00642,-0.000592,0.000583,-5.39e-05,LT_EXOR__Z__west_0.390.qca,ok,3.1
LT EXOR,Z,displacement,west,0.4,-0.4,0.959631,-0.957614,0.00642,-0.000593,0.000583,-5.39e-05,LT_EXOR__Z__west_0.400.qca,ok,3.1
LT EXOR,Z,displacement,west,0.41,-0.41,0.959838,-0.957835,0.00642,-0.000593,0.000583,-5.39e-05,LT_EXOR__Z__west_0.410.qca,ok,3.1
LT EXOR,Z,displacement,west,0.42,-0.42,0.960044,-0.958055,0.00642,-0.000593,0.000583,-5.39e-05,LT_EXOR__Z__west_0.420.qca,ok,3.1
LT EXOR,Z,displacement,west,0.43,-0.43,0.960249,-0.958273,0.00642,-0.000593,0.000583,-5.39e-05,LT_EXOR__Z__west_0.430.qca,ok,3.1
LT EXOR,Z,displacement,west,0.44,-0.44,0.960452,-0.958491,0.00642,-0.000593,0.000583,-5.39e-05,LT_EXOR__Z__west_0.440.qca,ok,3.1
LT EXOR,Z,displacement,west,0.45,-0.45,0.960655,-0.958708,0.00642,-0.000593,0.000583,-5.39e-05,LT_EXOR__Z__west_0.450.qca,ok,3.1
LT EXOR,Z,displacement,west,0.46,-0.46,0.960857,-0.958923,0.00642,-0.000593,0.000583,-5.39e-05,LT_EXOR__Z__west_0.460.qca,ok,3.1
LT EXOR,Z,displacement,west,0.47,-0.47,0.961058,-0.959138,0.00642,-0.000593,0.000584,-5.39e-05,LT_EXOR__Z__west_0.470.qca,ok,3.1
LT EXOR,Z,displacement,west,0.48,-0.48,0.961259,-0.959351,0.00642,-0.000593,0.000584,-5.39e-05,LT_EXOR__Z__west_0.480.qca,ok,3.1
LT EXOR,Z,displacement,west,0.49,-0.49,0.961458,-0.959564,0.00642,-0.000593,0.000584,-5.39e-05,LT_EXOR__Z__west_0.490.qca,ok,3.0
LT EXOR,Z,displacement,west,0.5,-0.5,0.961656,-0.959775,0.00642,-0.000593,0.000584,-5.39e-05,LT_EXOR__Z__west_0.500.qca,ok,3.1
LT EXOR,Z,displacement,west,0.51,-0.51,0.961853,-0.959986,0.00642,-0.000593,0.000584,-5.39e-05,LT_EXOR__Z__west_0.510.qca,ok,3.1
LT EXOR,Z,displacement,west,0.52,-0.52,0.96205,-0.960196,0.00642,-0.000593,0.000584,-5.39e-05,LT_EXOR__Z__west_0.520.qca,ok,3.0
LT EXOR,Z,displacement,west,0.53,-0.53,0.962246,-0.960404,0.00642,-0.000593,0.000584,-5.39e-05,LT_EXOR__Z__west_0.530.qca,ok,3.0
LT EXOR,Z,displacement,west,0.54,-0.54,0.96244,-0.960612,0.00642,-0.000593,0.000584,-5.39e-05,LT_EXOR__Z__west_0.540.qca,ok,3.1
LT EXOR,Z,displacement,west,0.55,-0.55,0.962634,-0.960819,0.00642,-0.000593,0.000584,-5.39e-05,LT_EXOR__Z__west_0.550.qca,ok,3.2
LT EXOR,Z,displacement,west,0.56,-0.56,0.962827,-0.961024,0.00642,-0.000593,0.000584,-5.39e-05,LT_EXOR__Z__west_0.560.qca,ok,3.2
LT EXOR,Z,displacement,west,0.57,-0.57,0.963019,-0.961229,0.00642,-0.000593,0.000584,-5.39e-05,LT_EXOR__Z__west_0.570.qca,ok,3.0
LT EXOR,Z,displacement,west,0.58,-0.58,0.96321,-0.961433,0.00642,-0.000593,0.000584,-5.39e-05,LT_EXOR__Z__west_0.580.qca,ok,3.1
LT EXOR,Z,displacement,west,0.59,-0.59,0.9634,-0.961636,0.00642,-0.000593,0.000584,-5.39e-05,LT_EXOR__Z__west_0.590.qca,ok,3.1
LT EXOR,Z,displacement,west,0.6,-0.6,0.96359,-0.961838,0.00642,-0.000593,0.000584,-5.39e-05,LT_EXOR__Z__west_0.600.qca,ok,3.1
LT EXOR,Z,displacement,west,0.61,-0.61,0.963778,-0.962038,0.00642,-0.000593,0.000584,-5.39e-05,LT_EXOR__Z__west_0.610.qca,ok,3.0
LT EXOR,Z,displacement,west,0.62,-0.62,0.963966,-0.962238,0.00642,-0.000593,0.000584,-5.39e-05,LT_EXOR__Z__west_0.620.qca,ok,3.1
LT EXOR,Z,displacement,west,0.63,-0.63,0.964152,-0.962437,0.00642,-0.000593,0.000584,-5.39e-05,LT_EXOR__Z__west_0.630.qca,ok,3.1
LT EXOR,Z,displacement,west,0.64,-0.64,0.964338,-0.962635,0.00642,-0.000593,0.000584,-5.39e-05,LT_EXOR__Z__west_0.640.qca,ok,3.1
LT EXOR,Z,displacement,west,0.65,-0.65,0.964523,-0.962833,0.00642,-0.000593,0.000584,-5.39e-05,LT_EXOR__Z__west_0.650.qca,ok,3.1
LT EXOR,Z,displacement,west,0.66,-0.66,0.964707,-0.963029,0.00643,-0.000593,0.000584,-5.39e-05,LT_EXOR__Z__west_0.660.qca,ok,3.1
LT EXOR,Z,displacement,west,0.67,-0.67,0.964891,-0.963224,0.00643,-0.000593,0.000584,-5.39e-05,LT_EXOR__Z__west_0.670.qca,ok,3.1
LT EXOR,Z,displacement,west,0.68,-0.68,0.965073,-0.963418,0.00643,-0.000593,0.000584,-5.39e-05,LT_EXOR__Z__west_0.680.qca,ok,3.0
LT EXOR,Z,displacement,west,0.69,-0.69,0.965255,-0.963612,0.00643,-0.000593,0.000584,-5.39e-05,LT_EXOR__Z__west_0.690.qca,ok,3.1
LT EXOR,Z,displacement,west,0.7,-0.7,0.965436,-0.963804,0.00643,-0.000593,0.000584,-5.39e-05,LT_EXOR__Z__west_0.700.qca,ok,3.1
LT EXOR,Z,displacement,west,0.71,-0.71,0.965616,-0.963996,0.00643,-0.000593,0.000584,-5.39e-05,LT_EXOR__Z__west_0.710.qca,ok,3.1
LT EXOR,Z,displacement,west,0.72,-0.72,0.965795,-0.964186,0.00643,-0.000593,0.000584,-5.39e-05,LT_EXOR__Z__west_0.720.qca,ok,3.2
LT EXOR,Z,displacement,west,0.73,-0.73,0.965973,-0.964376,0.00643,-0.000593,0.000584,-5.39e-05,LT_EXOR__Z__west_0.730.qca,ok,3.1
LT EXOR,Z,displacement,west,0.74,-0.74,0.96615,-0.964565,0.00643,-0.000593,0.000584,-5.39e-05,LT_EXOR__Z__west_0.740.qca,ok,3.1
LT EXOR,Z,displacement,west,0.75,-0.75,0.966327,-0.964753,0.00643,-0.000593,0.000584,-5.39e-05,LT_EXOR__Z__west_0.750.qca,ok,3.1
LT EXOR,Z,displacement,west,0.76,-0.76,0.966503,-0.96494,0.00643,-0.000593,0.000584,-5.39e-05,LT_EXOR__Z__west_0.760.qca,ok,3.1
LT EXOR,Z,displacement,west,0.77,-0.77,0.966678,-0.965126,0.00643,-0.000593,0.000584,-5.39e-05,LT_EXOR__Z__west_0.770.qca,ok,3.1
LT EXOR,Z,displacement,west,0.78,-0.78,0.966852,-0.965312,0.00643,-0.000593,0.000585,-5.39e-05,LT_EXOR__Z__west_0.780.qca,ok,3.0
LT EXOR,Z,displacement,west,0.79,-0.79,0.967025,-0.965496,0.00643,-0.000593,0.000585,-5.39e-05,LT_EXOR__Z__west_0.790.qca,ok,3.1
LT EXOR,Z,displacement,west,0.8,-0.8,0.967198,-0.965679,0.00643,-0.000593,0.000585,-5.39e-05,LT_EXOR__Z__west_0.800.qca,ok,3.2
LT EXOR,Z,displacement,west,0.81,-0.81,0.967369,-0.965862,0.00643,-0.000593,0.000585,-5.39e-05,LT_EXOR__Z__west_0.810.qca,ok,3.1
LT EXOR,Z,displacement,west,0.82,-0.82,0.96754,-0.966044,0.00643,-0.000593,0.000585,-5.39e-05,LT_EXOR__Z__west_0.820.qca,ok,3.1
LT EXOR,Z,displacement,west,0.83,-0.83,0.96771,-0.966225,0.00643,-0.000593,0.000585,-5.39e-05,LT_EXOR__Z__west_0.830.qca,ok,3.2
LT EXOR,Z,displacement,west,0.84,-0.84,0.96788,-0.966405,0.00643,-0.000593,0.000585,-5.4e-05,LT_EXOR__Z__west_0.840.qca,ok,3.1
LT EXOR,Z,displacement,west,0.85,-0.85,0.968048,-0.966584,0.00643,-0.000593,0.000585,-5.4e-05,LT_EXOR__Z__west_0.850.qca,ok,3.0
LT EXOR,Z,displacement,west,0.86,-0.86,0.968216,-0.966762,0.00643,-0.000594,0.000585,-5.4e-05,LT_EXOR__Z__west_0.860.qca,ok,3.1
LT EXOR,Z,displacement,west,0.87,-0.87,0.968383,-0.96694,0.00643,-0.000594,0.000585,-5.4e-05,LT_EXOR__Z__west_0.870.qca,ok,3.0
LT EXOR,Z,displacement,west,0.88,-0.88,0.968549,-0.967116,0.00643,-0.000594,0.000585,-5.4e-05,LT_EXOR__Z__west_0.880.qca,ok,3.1
LT EXOR,Z,displacement,west,0.89,-0.89,0.968714,-0.967292,0.00643,-0.000594,0.000585,-5.4e-05,LT_EXOR__Z__west_0.890.qca,ok,3.1
LT EXOR,Z,displacement,west,0.9,-0.9,0.968879,-0.967467,0.00643,-0.000594,0.000585,-5.4e-05,LT_EXOR__Z__west_0.900.qca,ok,3.0
LT EXOR,Z,displacement,west,0.91,-0.91,0.969043,-0.967641,0.00644,-0.000594,0.000585,-5.4e-05,LT_EXOR__Z__west_0.910.qca,ok,3.1
LT EXOR,Z,displacement,west,0.92,-0.92,0.969206,-0.967814,0.00644,-0.000594,0.000585,-5.4e-05,LT_EXOR__Z__west_0.920.qca,ok,3.1
LT EXOR,Z,displacement,west,0.93,-0.93,0.969368,-0.967987,0.00644,-0.000594,0.000585,-5.4e-05,LT_EXOR__Z__west_0.930.qca,ok,3.1
LT EXOR,Z,displacement,west,0.94,-0.94,0.969529,-0.968158,0.00644,-0.000594,0.000585,-5.4e-05,LT_EXOR__Z__west_0.940.qca,ok,3.0
LT EXOR,Z,displacement,west,0.95,-0.95,0.96969,-0.968329,0.00644,-0.000594,0.000585,-5.4e-05,LT_EXOR__Z__west_0.950.qca,ok,3.2
LT EXOR,Z,displacement,west,0.96,-0.96,0.96985,-0.968499,0.00644,-0.000594,0.000585,-5.4e-05,LT_EXOR__Z__west_0.960.qca,ok,3.1
LT EXOR,Z,displacement,west,0.97,-0.97,0.970009,-0.968668,0.00644,-0.000594,0.000585,-5.4e-05,LT_EXOR__Z__west_0.970.qca,ok,3.1
LT EXOR,Z,displacement,west,0.98,-0.98,0.970168,-0.968836,0.00644,-0.000594,0.000585,-5.4e-05,LT_EXOR__Z__west_0.980.qca,ok,3.1
LT EXOR,Z,displacement,west,0.99,-0.99,0.970326,-0.969004,0.00644,-0.000594,0.000585,-5.4e-05,LT_EXOR__Z__west_0.990.qca,ok,3.2
LT EXOR,Z,displacement,west,1,-1,0.970483,-0.96917,0.00644,-0.000594,0.000585,-5.4e-05,LT_EXOR__Z__west_1.000.qca,ok,3.1
LT EXOR,Z,displacement,west,1.01,-1.01,0.970639,-0.969336,0.00644,-0.000594,0.000585,-5.4e-05,LT_EXOR__Z__west_1.010.qca,ok,3.1
LT EXOR,Z,displacement,west,1.02,-1.02,0.970794,-0.969501,0.00644,-0.000594,0.000585,-5.4e-05,LT_EXOR__Z__west_1.020.qca,ok,3.0
LT EXOR,Z,displacement,west,1.03,-1.03,0.970949,-0.969666,0.00644,-0.000594,0.000585,-5.4e-05,LT_EXOR__Z__west_1.030.qca,ok,3.2
LT EXOR,Z,displacement,west,1.04,-1.04,0.971103,-0.969829,0.00644,-0.000594,0.000586,-5.4e-05,LT_EXOR__Z__west_1.040.qca,ok,3.1
LT EXOR,Z,displacement,west,1.05,-1.05,0.971257,-0.969992,0.00644,-0.000594,0.000586,-5.4e-05,LT_EXOR__Z__west_1.050.qca,ok,3.2
LT EXOR,Z,displacement,west,1.06,-1.06,0.971409,-0.970153,0.00644,-0.000594,0.000586,-5.4e-05,LT_EXOR__Z__west_1.060.qca,ok,3.1
LT EXOR,Z,displacement,west,1.07,-1.07,0.971561,-0.970315,0.00644,-0.000594,0.000586,-5.4e-05,LT_EXOR__Z__west_1.070.qca,ok,3.1
LT EXOR,Z,displacement,west,1.08,-1.08,0.971712,-0.970475,0.00644,-0.000594,0.000586,-5.4e-05,LT_EXOR__Z__west_1.080.qca,ok,3.0
LT EXOR,Z,displacement,west,1.09,-1.09,0.971863,-0.970634,0.00644,-0.000594,0.000586,-5.4e-05,LT_EXOR__Z__west_1.090.qca,ok,3.1
LT EXOR,Z,displacement,west,1.1,-1.1,0.972012,-0.970793,0.00644,-0.000594,0.000586,-5.4e-05,LT_EXOR__Z__west_1.100.qca,ok,3.1
LT EXOR,Z,displacement,west,1.11,-1.11,0.972161,-0.970951,0.00644,-0.000594,0.000586,-5.4e-05,LT_EXOR__Z__west_1.110.qca,ok,3.1
LT EXOR,Z,displacement,west,1.12,-1.12,0.97231,-0.971108,0.00644,-0.000594,0.000586,-5.4e-05,LT_EXOR__Z__west_1.120.qca,ok,3.1
LT EXOR,Z,displacement,west,1.13,-1.13,0.972457,-0.971265,0.00645,-0.000594,0.000586,-5.4e-05,LT_EXOR__Z__west_1.130.qca,ok,3.1
LT EXOR,Z,displacement,west,1.14,-1.14,0.972604,-0.97142,0.00645,-0.000594,0.000586,-5.4e-05,LT_EXOR__Z__west_1.140.qca,ok,3.1
LT EXOR,Z,displacement,west,1.15,-1.15,0.97275,-0.971575,0.00645,-0.000594,0.000586,-5.4e-05,LT_EXOR__Z__west_1.150.qca,ok,3.2
LT EXOR,Z,displacement,west,1.16,-1.16,0.972896,-0.97173,0.00645,-0.000594,0.000586,-5.4e-05,LT_EXOR__Z__west_1.160.qca,ok,3.1
LT EXOR,Z,displacement,west,1.17,-1.17,0.97304,-0.971883,0.00645,-0.000595,0.000586,-5.4e-05,LT_EXOR__Z__west_1.170.qca,ok,3.1
LT EXOR,Z,displacement,west,1.18,-1.18,0.973184,-0.972036,0.00645,-0.000595,0.000586,-5.41e-05,LT_EXOR__Z__west_1.180.qca,ok,3.0
LT EXOR,Z,displacement,west,1.19,-1.19,0.973328,-0.972187,0.00645,-0.000595,0.000586,-5.41e-05,LT_EXOR__Z__west_1.190.qca,ok,3.1
LT EXOR,Z,displacement,west,1.2,-1.2,0.973471,-0.972339,0.00645,-0.000595,0.000586,-5.41e-05,LT_EXOR__Z__west_1.200.qca,ok,3.1
LT EXOR,Z,displacement,west,1.21,-1.21,0.973613,-0.972489,0.00645,-0.000595,0.000586,-5.41e-05,LT_EXOR__Z__west_1.210.qca,ok,3.1
LT EXOR,Z,displacement,west,1.22,-1.22,0.973754,-0.972639,0.00645,-0.000595,0.000586,-5.41e-05,LT_EXOR__Z__west_1.220.qca,ok,3.2
LT EXOR,Z,displacement,west,1.23,-1.23,0.973895,-0.972788,0.00645,-0.000595,0.000586,-5.41e-05,LT_EXOR__Z__west_1.230.qca,ok,3.1
LT EXOR,Z,displacement,west,1.24,-1.24,0.974035,-0.972936,0.00645,-0.000595,0.000586,-5.41e-05,LT_EXOR__Z__west_1.240.qca,ok,3.1
LT EXOR,Z,displacement,west,1.25,-1.25,0.974174,-0.973083,0.00645,-0.000595,0.000587,-5.41e-05,LT_EXOR__Z__west_1.250.qca,ok,3.2
LT EXOR,Z,displacement,west,1.26,-1.26,0.974313,-0.97323,0.00645,-0.000595,0.000587,-5.41e-05,LT_EXOR__Z__west_1.260.qca,ok,3.1
LT EXOR,Z,displacement,west,1.27,-1.27,0.974451,-0.973376,0.00645,-0.000595,0.000587,-5.41e-05,LT_EXOR__Z__west_1.270.qca,ok,3.1
LT EXOR,Z,displacement,west,1.28,-1.28,0.974588,-0.973522,0.00645,-0.000595,0.000587,-5.41e-05,LT_EXOR__Z__west_1.280.qca,ok,3.0
LT EXOR,Z,displacement,west,1.29,-1.29,0.974725,-0.973666,0.00645,-0.000595,0.000587,-5.41e-05,LT_EXOR__Z__west_1.290.qca,ok,3.0
LT EXOR,Z,displacement,west,1.3,-1.3,0.974861,-0.97381,0.00645,-0.000595,0.000587,-5.41e-05,LT_EXOR__Z__west_1.300.qca,ok,3.0
LT EXOR,Z,displacement,west,1.31,-1.31,0.974996,-0.973953,0.00646,-0.000595,0.000587,-5.41e-05,LT_EXOR__Z__west_1.310.qca,ok,3.0
LT EXOR,Z,displacement,west,1.32,-1.32,0.975131,-0.974096,0.00646,-0.000595,0.000587,-5.41e-05,LT_EXOR__Z__west_1.320.qca,ok,3.0
